rushing_ranker,rushing_name_display,rushing_age,rushing_team_name_abbr,rushing_pos,rushing_games,rushing_games_started,rushing_rush_att,rushing_rush_yds,rushing_rush_first_down,rushing_rush_yds_before_contact,rushing_rush_yds_bc_per_rush,rushing_rush_yac,rushing_rush_yac_per_rush,rushing_rush_broken_tackles,rushing_rush_broken_tackles_per_rush,rushing_awards
1.0,Jonathan Taylor,22.0,IND,RB,17.0,17.0,332.0,1811.0,107.0,870.0,2.6,941.0,2.8,25.0,13.3,"PB,AP-1,AP OPoY-2"
2.0,Najee Harris,23.0,PIT,RB,17.0,17.0,307.0,1200.0,62.0,525.0,1.7,675.0,2.2,30.0,10.2,PB
3.0,Joe Mixon,25.0,CIN,RB,16.0,16.0,292.0,1205.0,60.0,662.0,2.3,543.0,1.9,20.0,14.6,PB
4.0,Antonio Gibson,23.0,WAS,RB,16.0,14.0,258.0,1037.0,65.0,534.0,2.1,503.0,1.9,19.0,13.6,
5.0,Dalvin Cook,26.0,MIN,RB,13.0,13.0,249.0,1159.0,57.0,678.0,2.7,481.0,1.9,16.0,15.6,PB
6.0,Alvin Kamara,26.0,NOR,RB,13.0,10.0,240.0,898.0,42.0,549.0,2.3,349.0,1.5,22.0,10.9,PB
7.0,Ezekiel Elliott,26.0,DAL,RB,17.0,17.0,237.0,1002.0,55.0,593.0,2.5,409.0,1.7,9.0,26.3,
8.0,Nick Chubb,26.0,CLE,RB,14.0,14.0,228.0,1259.0,61.0,567.0,2.5,692.0,3.0,23.0,9.9,PB
9.0,David Montgomery,24.0,CHI,RB,13.0,13.0,225.0,849.0,55.0,432.0,1.9,417.0,1.9,16.0,14.1,
10.0,Derrick Henry,27.0,TEN,RB,8.0,8.0,219.0,937.0,49.0,450.0,2.1,487.0,2.2,10.0,21.9,
11.0,Josh Jacobs,23.0,LVR,RB,15.0,14.0,217.0,872.0,45.0,430.0,2.0,442.0,2.0,20.0,10.9,
12.0,Sony Michel,26.0,LAR,RB,17.0,7.0,208.0,845.0,49.0,445.0,2.1,400.0,1.9,16.0,13.0,
13.0,Elijah Mitchell,23.0,SFO,RB,11.0,10.0,207.0,963.0,47.0,448.0,2.2,515.0,2.5,16.0,12.9,
14.0,Austin Ekeler,26.0,LAC,RB,16.0,16.0,206.0,911.0,53.0,477.0,2.3,434.0,2.1,13.0,15.8,
15.0,Melvin Gordon,28.0,DEN,RB,16.0,16.0,203.0,918.0,48.0,462.0,2.3,456.0,2.2,20.0,10.2,
16.0,Javonte Williams,21.0,DEN,RB,17.0,1.0,203.0,903.0,52.0,443.0,2.2,460.0,2.3,31.0,6.5,
17.0,James Conner,26.0,ARI,RB,15.0,6.0,202.0,752.0,53.0,331.0,1.6,421.0,2.1,19.0,10.6,PB
18.0,Damien Harris,24.0,NWE,RB,15.0,15.0,202.0,929.0,55.0,469.0,2.3,460.0,2.3,15.0,13.5,
19.0,Devin Singletary,24.0,BUF,RB,17.0,16.0,188.0,870.0,44.0,429.0,2.3,441.0,2.3,13.0,14.5,
20.0,AJ Dillon,23.0,GNB,RB,17.0,2.0,187.0,803.0,50.0,396.0,2.1,407.0,2.2,17.0,11.0,
21.0,Leonard Fournette,26.0,TAM,RB,14.0,13.0,180.0,812.0,45.0,396.0,2.2,416.0,2.3,11.0,16.4,
22.0,Myles Gaskin,24.0,MIA,RB,17.0,10.0,173.0,612.0,25.0,364.0,2.1,248.0,1.4,7.0,24.7,
23.0,Chuba Hubbard,22.0,CAR,RB,17.0,10.0,172.0,612.0,36.0,287.0,1.7,325.0,1.9,9.0,19.1,
24.0,Aaron Jones,27.0,GNB,RB,15.0,15.0,171.0,799.0,37.0,409.0,2.4,390.0,2.3,12.0,14.3,
25.0,James Robinson,23.0,JAX,RB,14.0,13.0,164.0,767.0,41.0,450.0,2.7,317.0,1.9,11.0,14.9,
26.0,Saquon Barkley,24.0,NYG,RB,13.0,13.0,162.0,593.0,27.0,314.0,1.9,279.0,1.7,4.0,40.5,
27.0,Mark Ingram,32.0,2TM,RB,14.0,10.0,160.0,554.0,23.0,237.0,1.5,317.0,2.0,9.0,17.8,
27.0,Mark Ingram,32.0,HOU,RB,7.0,7.0,92.0,294.0,14.0,124.0,1.3,170.0,1.8,5.0,18.4,
27.0,Mark Ingram,32.0,NOR,RB,7.0,3.0,68.0,260.0,9.0,113.0,1.7,147.0,2.2,4.0,17.0,
28.0,Cordarrelle Patterson,30.0,ATL,RB,16.0,13.0,153.0,618.0,29.0,325.0,2.1,293.0,1.9,7.0,21.9,
29.0,Jamaal Williams,26.0,DET,RB,13.0,11.0,153.0,601.0,42.0,382.0,2.5,219.0,1.4,10.0,15.3,
30.0,D'Andre Swift,22.0,DET,RB,13.0,4.0,151.0,617.0,28.0,385.0,2.5,232.0,1.5,9.0,16.8,
31.0,Darrell Henderson,24.0,LAR,RB,12.0,10.0,149.0,688.0,39.0,402.0,2.7,286.0,1.9,3.0,49.7,
32.0,Michael Carter,22.0,NYJ,RB,14.0,11.0,147.0,639.0,29.0,294.0,2.0,345.0,2.3,13.0,11.3,
33.0,Devontae Booker,29.0,NYG,RB,16.0,4.0,145.0,593.0,31.0,364.0,2.5,229.0,1.6,2.0,72.5,
34.0,Darrel Williams,26.0,KAN,RB,17.0,7.0,144.0,558.0,40.0,342.0,2.4,216.0,1.5,4.0,36.0,
35.0,Jalen Hurts,23.0,PHI,QB,15.0,15.0,139.0,784.0,56.0,642.0,4.6,142.0,1.0,9.0,15.4,
36.0,Mike Davis,28.0,ATL,RB,17.0,8.0,138.0,503.0,21.0,272.0,2.0,231.0,1.7,9.0,15.3,
37.0,Miles Sanders,24.0,PHI,RB,12.0,12.0,137.0,754.0,33.0,471.0,3.4,283.0,2.1,12.0,11.4,
38.0,Alexander Mattison,23.0,MIN,RB,16.0,4.0,134.0,491.0,28.0,226.0,1.7,265.0,2.0,14.0,9.6,
39.0,D'Onta Foreman,25.0,TEN,RB,9.0,3.0,133.0,566.0,22.0,267.0,2.0,299.0,2.2,11.0,12.1,
40.0,Devonta Freeman,29.0,BAL,RB,16.0,8.0,133.0,576.0,31.0,371.0,2.8,205.0,1.5,3.0,44.3,
41.0,Lamar Jackson,24.0,BAL,QB,12.0,12.0,133.0,767.0,48.0,485.0,3.6,282.0,2.1,11.0,12.1,PB
42.0,Rhamondre Stevenson,23.0,NWE,RB,12.0,2.0,133.0,606.0,33.0,250.0,1.9,356.0,2.7,16.0,8.3,
43.0,Tony Pollard,24.0,DAL,RB,15.0,0.0,130.0,719.0,35.0,398.0,3.1,321.0,2.5,7.0,18.6,
44.0,Josh Allen,25.0,BUF,QB,17.0,17.0,122.0,763.0,54.0,471.0,3.9,292.0,2.4,12.0,10.2,
45.0,Rex Burkhead,31.0,HOU,RB,16.0,5.0,122.0,427.0,30.0,210.0,1.7,217.0,1.8,2.0,61.0,
46.0,Clyde Edwards-Helaire,22.0,KAN,RB,10.0,10.0,119.0,517.0,21.0,309.0,2.6,208.0,1.7,7.0,17.0,
47.0,Latavius Murray,31.0,BAL,RB,14.0,6.0,119.0,501.0,36.0,291.0,2.4,210.0,1.8,10.0,11.9,
48.0,Rashaad Penny,25.0,SEA,RB,10.0,6.0,119.0,749.0,28.0,376.0,3.2,373.0,3.1,10.0,11.9,
49.0,Chase Edmonds,25.0,ARI,RB,12.0,11.0,116.0,592.0,32.0,414.0,3.6,178.0,1.5,5.0,23.2,
50.0,Alex Collins,27.0,SEA,RB,11.0,6.0,108.0,411.0,22.0,238.0,2.2,173.0,1.6,6.0,18.0,
51.0,Khalil Herbert,23.0,CHI,RB,17.0,2.0,103.0,433.0,24.0,247.0,2.4,186.0,1.8,9.0,11.4,
52.0,Ronald Jones II,24.0,TAM,RB,16.0,3.0,101.0,428.0,25.0,242.0,2.4,186.0,1.8,5.0,20.2,
53.0,D'Ernest Johnson,25.0,CLE,RB,17.0,2.0,100.0,534.0,24.0,299.0,3.0,235.0,2.4,10.0,10.0,
54.0,Christian McCaffrey,25.0,CAR,RB,7.0,7.0,99.0,442.0,20.0,218.0,2.2,224.0,2.3,12.0,8.3,
55.0,Zack Moss,24.0,BUF,RB,13.0,0.0,96.0,345.0,22.0,143.0,1.5,202.0,2.1,14.0,6.9,
56.0,Kyler Murray,24.0,ARI,QB,14.0,14.0,88.0,423.0,25.0,376.0,4.3,47.0,0.5,0.0,,PB
57.0,Phillip Lindsay,27.0,2TM,RB,14.0,1.0,88.0,249.0,11.0,168.0,1.9,81.0,0.9,1.0,88.0,
57.0,Phillip Lindsay,27.0,HOU,RB,10.0,1.0,50.0,130.0,7.0,94.0,1.9,36.0,0.7,0.0,,
57.0,Phillip Lindsay,27.0,MIA,RB,4.0,0.0,38.0,119.0,4.0,74.0,1.9,45.0,1.2,1.0,38.0,
58.0,Boston Scott,26.0,PHI,RB,16.0,4.0,87.0,373.0,24.0,209.0,2.4,164.0,1.9,4.0,21.8,
59.0,Jordan Howard,27.0,PHI,RB,7.0,0.0,86.0,406.0,24.0,208.0,2.4,198.0,2.3,7.0,12.3,
60.0,Tevin Coleman,28.0,NYJ,RB,11.0,5.0,84.0,356.0,19.0,166.0,2.0,190.0,2.3,6.0,14.0,
61.0,Jeff Wilson,26.0,SFO,RB,9.0,4.0,79.0,294.0,19.0,195.0,2.5,99.0,1.3,2.0,39.5,
62.0,Kareem Hunt,26.0,CLE,RB,8.0,1.0,78.0,386.0,22.0,165.0,2.1,221.0,2.8,9.0,8.7,
63.0,Trevor Lawrence,22.0,JAX,QB,17.0,17.0,73.0,334.0,22.0,267.0,3.7,67.0,0.9,2.0,36.5,
64.0,Justin Fields,22.0,CHI,QB,12.0,10.0,72.0,420.0,22.0,293.0,4.1,127.0,1.8,5.0,14.4,
65.0,Carlos Hyde,31.0,JAX,RB,12.0,2.0,72.0,253.0,14.0,138.0,1.9,115.0,1.6,3.0,24.0,
66.0,Duke Johnson,28.0,MIA,RB,5.0,4.0,71.0,330.0,18.0,128.0,1.8,202.0,2.8,6.0,11.8,
67.0,Taysom Hill,31.0,NOR,QB/WR,12.0,9.0,70.0,374.0,26.0,269.0,3.8,105.0,1.5,8.0,8.8,
68.0,Kenneth Gainwell,22.0,PHI,RB,16.0,1.0,68.0,291.0,19.0,193.0,2.8,98.0,1.4,6.0,11.3,
69.0,Justin Jackson,25.0,LAC,RB,14.0,2.0,68.0,364.0,18.0,257.0,3.8,107.0,1.6,0.0,,
70.0,Jaret Patterson,22.0,WAS,RB,17.0,1.0,68.0,266.0,15.0,143.0,2.1,123.0,1.8,3.0,22.7,
71.0,David Johnson,30.0,HOU,RB,13.0,4.0,67.0,228.0,7.0,109.0,1.6,119.0,1.8,4.0,16.8,
72.0,Patrick Mahomes,26.0,KAN,QB,17.0,17.0,66.0,381.0,25.0,366.0,5.5,15.0,0.2,0.0,,PB
73.0,Kenyan Drake,27.0,LVR,RB,12.0,2.0,63.0,254.0,15.0,147.0,2.3,107.0,1.7,4.0,15.8,
74.0,Justin Herbert,23.0,LAC,QB,17.0,17.0,63.0,302.0,28.0,254.0,4.0,48.0,0.8,2.0,31.5,PB
75.0,Daniel Jones,24.0,NYG,QB,11.0,11.0,62.0,298.0,16.0,256.0,4.1,42.0,0.7,1.0,62.0,
76.0,Ty Johnson,24.0,NYJ,RB,16.0,3.0,61.0,238.0,13.0,174.0,2.9,64.0,1.0,3.0,20.3,
77.0,Taylor Heinicke,28.0,WAS,QB,16.0,15.0,60.0,313.0,20.0,278.0,4.6,35.0,0.6,1.0,60.0,
78.0,Deebo Samuel,25.0,SFO,WR,16.0,15.0,59.0,365.0,21.0,181.0,3.1,184.0,3.1,9.0,6.6,"PB,AP-1"
79.0,Carson Wentz,29.0,IND,QB,17.0,17.0,57.0,215.0,21.0,158.0,2.8,57.0,1.0,2.0,28.5,
80.0,Dontrell Hilliard,26.0,TEN,RB,8.0,5.0,56.0,350.0,15.0,214.0,3.8,136.0,2.4,4.0,14.0,
81.0,Nyheim Hines,25.0,IND,RB,17.0,4.0,56.0,276.0,15.0,145.0,2.6,131.0,2.3,7.0,8.0,
82.0,Royce Freeman,25.0,2TM,RB,15.0,0.0,56.0,169.0,8.0,82.0,1.5,87.0,1.6,0.0,,
82.0,Royce Freeman,25.0,CAR,RB,8.0,0.0,21.0,77.0,4.0,42.0,2.0,35.0,1.7,0.0,,
82.0,Royce Freeman,25.0,HOU,RB,7.0,0.0,35.0,92.0,4.0,40.0,1.1,52.0,1.5,0.0,,
83.0,Peyton Barber,27.0,LVR,RB,10.0,1.0,55.0,212.0,12.0,125.0,2.3,87.0,1.6,4.0,13.8,
84.0,Samaje Perine,26.0,CIN,RB,16.0,0.0,55.0,246.0,11.0,116.0,2.1,130.0,2.4,2.0,27.5,
85.0,Craig Reynolds,25.0,DET,RB,5.0,2.0,55.0,230.0,11.0,93.0,1.7,137.0,2.5,4.0,13.8,
86.0,Ryan Tannehill,33.0,TEN,QB,17.0,17.0,55.0,270.0,33.0,211.0,3.8,59.0,1.1,2.0,27.5,
87.0,Salvon Ahmed,23.0,MIA,RB,12.0,0.0,54.0,149.0,8.0,76.0,1.4,73.0,1.4,3.0,18.0,
88.0,Chris Carson,27.0,SEA,RB,4.0,4.0,54.0,232.0,11.0,104.0,1.9,128.0,2.4,8.0,6.8,
89.0,Tony Jones,24.0,NOR,RB,11.0,4.0,54.0,142.0,7.0,78.0,1.4,64.0,1.2,2.0,27.0,
90.0,Derrick Gore,27.0,KAN,RB,11.0,0.0,51.0,256.0,12.0,134.0,2.6,122.0,2.4,3.0,17.0,
91.0,Ameer Abdullah,28.0,2TM,RB,17.0,1.0,51.0,166.0,8.0,86.0,1.7,80.0,1.6,3.0,17.0,
91.0,Ameer Abdullah,28.0,MIN,RB,6.0,0.0,7.0,30.0,0.0,16.0,2.3,14.0,2.0,1.0,7.0,
91.0,Ameer Abdullah,28.0,CAR,RB,11.0,1.0,44.0,136.0,8.0,70.0,1.6,66.0,1.5,2.0,22.0,
92.0,Sam Darnold,24.0,CAR,QB,12.0,11.0,48.0,222.0,20.0,205.0,4.3,17.0,0.4,2.0,24.0,
93.0,J.D. McKissic,28.0,WAS,RB,11.0,3.0,48.0,212.0,14.0,123.0,2.6,89.0,1.9,1.0,48.0,
94.0,Dak Prescott,28.0,DAL,QB,16.0,16.0,48.0,146.0,7.0,121.0,2.5,25.0,0.5,0.0,,AP CPoY-2
95.0,Tyler Huntley,23.0,BAL,QB,7.0,4.0,47.0,294.0,22.0,241.0,5.1,53.0,1.1,3.0,15.7,
96.0,Cam Newton,32.0,CAR,QB,8.0,5.0,47.0,230.0,20.0,147.0,3.1,83.0,1.8,5.0,9.4,
97.0,Brandon Bolden,31.0,NWE,RB,17.0,1.0,44.0,226.0,12.0,105.0,2.4,121.0,2.8,2.0,22.0,
98.0,Mac Jones,23.0,NWE,QB,17.0,17.0,44.0,129.0,22.0,95.0,2.2,34.0,0.8,0.0,,"PB,AP ORoY-2"
99.0,Dare Ogunbowale,27.0,JAX,RB,17.0,2.0,43.0,137.0,5.0,71.0,1.7,66.0,1.5,0.0,,
100.0,Russell Wilson,33.0,SEA,QB,14.0,14.0,43.0,183.0,17.0,135.0,3.1,48.0,1.1,1.0,43.0,PB
101.0,Tua Tagovailoa,23.0,MIA,QB,13.0,12.0,42.0,128.0,13.0,92.0,2.2,36.0,0.9,0.0,,
102.0,Jeremy McNichols,26.0,TEN,RB,14.0,0.0,41.0,156.0,6.0,96.0,2.3,60.0,1.5,1.0,41.0,
103.0,Trey Sermon,22.0,SFO,RB,9.0,2.0,41.0,167.0,9.0,88.0,2.1,79.0,1.9,3.0,13.7,
104.0,Joe Burrow,25.0,CIN,QB,16.0,16.0,40.0,118.0,14.0,84.0,2.1,34.0,0.9,2.0,20.0,AP CPoY-1
105.0,Derek Carr,30.0,LVR,QB,17.0,17.0,40.0,108.0,9.0,100.0,2.5,8.0,0.2,0.0,,
106.0,Matt Ryan,36.0,ATL,QB,17.0,17.0,40.0,82.0,9.0,67.0,1.7,15.0,0.4,0.0,,
107.0,Damien Williams,29.0,CHI,RB,12.0,2.0,40.0,164.0,11.0,121.0,3.0,43.0,1.1,4.0,10.0,
108.0,Le'Veon Bell,29.0,2TM,RB,8.0,0.0,39.0,101.0,9.0,58.0,1.5,43.0,1.1,3.0,13.0,
108.0,Le'Veon Bell,29.0,BAL,RB,5.0,0.0,31.0,83.0,8.0,46.0,1.5,37.0,1.2,3.0,10.3,
108.0,Le'Veon Bell,29.0,TAM,RB,3.0,0.0,8.0,18.0,1.0,12.0,1.5,6.0,0.8,0.0,,
109.0,Jimmy Garoppolo,30.0,SFO,QB,15.0,15.0,38.0,51.0,15.0,40.0,1.1,11.0,0.3,0.0,,
110.0,Trey Lance,21.0,SFO,QB,6.0,2.0,38.0,168.0,8.0,114.0,3.0,54.0,1.4,0.0,,
111.0,Adrian Peterson,36.0,2TM,RB,4.0,3.0,38.0,98.0,6.0,39.0,1.0,59.0,1.6,1.0,38.0,
111.0,Adrian Peterson,36.0,TEN,RB,3.0,2.0,27.0,82.0,4.0,34.0,1.3,48.0,1.8,0.0,,
111.0,Adrian Peterson,36.0,SEA,RB,1.0,1.0,11.0,16.0,2.0,5.0,0.5,11.0,1.0,1.0,11.0,
112.0,Baker Mayfield,26.0,CLE,QB,14.0,14.0,37.0,134.0,12.0,116.0,3.1,18.0,0.5,1.0,37.0,
113.0,Larry Rountree,22.0,LAC,RB,12.0,0.0,36.0,87.0,5.0,46.0,1.3,41.0,1.1,0.0,,
114.0,Benny Snell Jr.,23.0,PIT,RB,17.0,0.0,36.0,98.0,3.0,56.0,1.6,42.0,1.2,3.0,12.0,
115.0,Ke'Shawn Vaughn,24.0,TAM,RB,12.0,1.0,36.0,180.0,9.0,58.0,1.6,122.0,3.4,5.0,7.2,
116.0,Ty'Son Williams,25.0,BAL,RB,13.0,3.0,35.0,185.0,7.0,98.0,2.8,87.0,2.5,1.0,35.0,
117.0,Eno Benjamin,22.0,ARI,RB,9.0,0.0,34.0,118.0,4.0,53.0,1.6,65.0,1.9,1.0,34.0,
118.0,Malcolm Brown,28.0,MIA,RB,7.0,3.0,33.0,125.0,6.0,70.0,2.1,55.0,1.7,3.0,11.0,
119.0,Corey Clement,27.0,DAL,RB,17.0,0.0,33.0,140.0,7.0,65.0,2.0,75.0,2.3,3.0,11.0,
120.0,DeeJay Dallas,23.0,SEA,RB,17.0,0.0,33.0,138.0,10.0,66.0,2.0,72.0,2.2,3.0,11.0,
121.0,Joshua Kelley,24.0,LAC,RB,10.0,0.0,33.0,102.0,5.0,59.0,1.8,43.0,1.3,2.0,16.5,
122.0,Aaron Rodgers,38.0,GNB,QB,16.0,16.0,33.0,101.0,10.0,84.0,2.5,17.0,0.5,0.0,,"PB,AP-1,AP MVP-1,AP OPoY-4"
123.0,Matthew Stafford,33.0,LAR,QB,17.0,17.0,32.0,43.0,8.0,36.0,1.1,7.0,0.2,0.0,,
124.0,Jameis Winston,27.0,NOR,QB,7.0,7.0,32.0,166.0,17.0,113.0,3.5,53.0,1.7,2.0,16.0,
125.0,Teddy Bridgewater,29.0,DEN,QB,14.0,14.0,30.0,106.0,16.0,71.0,2.4,35.0,1.2,1.0,30.0,
126.0,Kirk Cousins,33.0,MIN,QB,16.0,16.0,29.0,115.0,8.0,97.0,3.3,18.0,0.6,0.0,,PB
127.0,Zach Wilson,22.0,NYJ,QB,13.0,13.0,29.0,185.0,10.0,124.0,4.3,61.0,2.1,1.0,29.0,
128.0,Tom Brady,44.0,TAM,QB,17.0,17.0,28.0,81.0,14.0,67.0,2.4,14.0,0.5,0.0,,"PB,AP-2,AP MVP-2,AP OPoY-3"
129.0,Wayne Gallman,27.0,ATL,RB,6.0,0.0,28.0,104.0,5.0,69.0,2.5,35.0,1.3,2.0,14.0,
130.0,Marlon Mack,25.0,IND,RB,6.0,0.0,28.0,101.0,6.0,65.0,2.3,36.0,1.3,1.0,28.0,
131.0,Matt Breida,26.0,BUF,RB,9.0,0.0,26.0,125.0,5.0,81.0,3.1,44.0,1.7,1.0,26.0,
132.0,Austin Walter,25.0,NYJ,RB,4.0,0.0,26.0,101.0,5.0,68.0,2.6,33.0,1.3,0.0,,
133.0,Elijhaa Penny,28.0,NYG,RB,17.0,3.0,24.0,99.0,9.0,43.0,1.8,56.0,2.3,1.0,24.0,
134.0,Patrick Taylor,23.0,GNB,RB,9.0,0.0,23.0,89.0,5.0,53.0,2.3,36.0,1.6,2.0,11.5,
135.0,Colt McCoy,35.0,ARI,QB,8.0,3.0,22.0,37.0,6.0,30.0,1.4,7.0,0.3,0.0,,
136.0,Travis Homer,23.0,SEA,RB,14.0,0.0,21.0,177.0,7.0,121.0,5.8,56.0,2.7,2.0,10.5,
137.0,Qadree Ollison,25.0,ATL,RB,8.0,0.0,21.0,105.0,7.0,57.0,2.7,48.0,2.3,1.0,21.0,
138.0,Ben Roethlisberger,39.0,PIT,QB,16.0,16.0,20.0,5.0,3.0,2.0,0.1,3.0,0.2,0.0,,
139.0,Jacoby Brissett,29.0,MIA,QB,11.0,5.0,19.0,70.0,9.0,57.0,3.0,13.0,0.7,0.0,,
140.0,J.J. Taylor,23.0,NWE,RB,5.0,0.0,19.0,37.0,3.0,25.0,1.3,12.0,0.6,0.0,,
141.0,Tyrod Taylor,32.0,HOU,QB,6.0,6.0,19.0,151.0,6.0,86.0,4.5,65.0,3.4,4.0,4.8,
142.0,Godwin Igwebuike,27.0,DET,RB,17.0,1.0,18.0,118.0,7.0,56.0,3.1,62.0,3.4,1.0,18.0,
143.0,Davis Mills,23.0,HOU,QB,13.0,11.0,18.0,44.0,5.0,37.0,2.1,7.0,0.4,0.0,,
144.0,Rondale Moore,21.0,ARI,WR,14.0,7.0,18.0,76.0,2.0,24.0,1.3,52.0,2.9,3.0,6.0,
145.0,Chris Evans,24.0,CIN,RB,14.0,1.0,17.0,77.0,3.0,51.0,3.0,26.0,1.5,3.0,5.7,
146.0,Jared Goff,27.0,DET,QB,14.0,14.0,17.0,87.0,4.0,85.0,5.0,2.0,0.1,0.0,,
147.0,Jonathan Williams,27.0,WAS,RB,5.0,0.0,17.0,79.0,7.0,26.0,1.5,53.0,3.1,2.0,8.5,
148.0,Andy Dalton,34.0,CHI,QB,8.0,6.0,16.0,76.0,2.0,72.0,4.5,4.0,0.3,0.0,,
149.0,Jamycal Hasty,25.0,SFO,RB,11.0,0.0,16.0,68.0,6.0,46.0,2.9,22.0,1.4,2.0,8.0,
150.0,Ryquell Armstead,25.0,JAX,RB,2.0,0.0,15.0,80.0,3.0,43.0,2.9,37.0,2.5,0.0,,
151.0,Jermar Jefferson,21.0,DET,RB,7.0,0.0,15.0,74.0,4.0,50.0,3.3,24.0,1.6,0.0,,
152.0,Ty Montgomery,28.0,NOR,WR,14.0,3.0,15.0,44.0,2.0,19.0,1.3,25.0,1.7,2.0,7.5,
153.0,Trayveon Williams,24.0,CIN,RB,5.0,0.0,15.0,51.0,4.0,26.0,1.7,25.0,1.7,5.0,3.0,
154.0,Chase Claypool,23.0,PIT,WR,15.0,13.0,14.0,96.0,7.0,79.0,5.6,17.0,1.2,0.0,,
155.0,Jason Huntley,23.0,PHI,RB,1.0,0.0,13.0,51.0,2.0,38.0,2.9,13.0,1.0,0.0,,
156.0,Deon Jackson,22.0,IND,RB,9.0,0.0,13.0,31.0,2.0,13.0,1.0,18.0,1.4,1.0,13.0,
157.0,Marcus Mariota,28.0,LVR,QB,10.0,0.0,13.0,87.0,6.0,61.0,4.7,26.0,2.0,0.0,,
158.0,Kene Nwangwu,23.0,MIN,RB,11.0,0.0,13.0,61.0,3.0,32.0,2.5,29.0,2.2,2.0,6.5,
159.0,Mitchell Trubisky,27.0,BUF,QB,6.0,0.0,13.0,24.0,3.0,24.0,1.8,0.0,0.0,0.0,,
160.0,Kalen Ballage,26.0,PIT,RB,17.0,0.0,12.0,36.0,2.0,15.0,1.3,21.0,1.8,0.0,,
161.0,Kendrick Bourne,26.0,NWE,WR,17.0,5.0,12.0,125.0,7.0,86.0,7.2,39.0,3.3,2.0,6.0,
162.0,Case Keenum,33.0,CLE,QB,7.0,2.0,12.0,22.0,6.0,15.0,1.3,7.0,0.6,0.0,,
163.0,Jordan Love,23.0,GNB,QB,6.0,1.0,12.0,27.0,1.0,24.0,2.0,3.0,0.3,0.0,,
164.0,Jerick McKinnon,29.0,KAN,RB,13.0,0.0,12.0,62.0,2.0,43.0,3.6,19.0,1.6,0.0,,
165.0,Brian Hoyer,36.0,NWE,QB,5.0,0.0,11.0,-8.0,1.0,-9.0,-0.8,1.0,0.1,0.0,,
166.0,Laviska Shenault Jr.,23.0,JAX,WR,16.0,10.0,11.0,41.0,2.0,24.0,2.2,17.0,1.5,1.0,11.0,
167.0,DeAndre Carter,28.0,WAS,WR,17.0,6.0,10.0,89.0,4.0,80.0,8.0,9.0,0.9,0.0,,
168.0,Kylin Hill,23.0,GNB,RB,8.0,0.0,10.0,24.0,1.0,15.0,1.5,9.0,0.9,0.0,,
169.0,Drew Lock,25.0,DEN,QB,6.0,3.0,10.0,53.0,5.0,45.0,4.5,8.0,0.8,0.0,,
170.0,Jalen Reagor,22.0,PHI,WR,17.0,13.0,10.0,32.0,3.0,23.0,2.3,9.0,0.9,1.0,10.0,
171.0,James White,29.0,NWE,RB,3.0,0.0,10.0,38.0,4.0,30.0,3.0,8.0,0.8,0.0,,
172.0,Blaine Gabbert,32.0,TAM,QB,6.0,0.0,9.0,-7.0,0.0,-7.0,-0.8,0.0,0.0,0.0,,
173.0,Tyreek Hill,27.0,KAN,WR,17.0,16.0,9.0,96.0,4.0,85.0,9.4,11.0,1.2,0.0,,PB
174.0,CeeDee Lamb,22.0,DAL,WR,16.0,13.0,9.0,76.0,4.0,62.0,6.9,14.0,1.6,0.0,,PB
175.0,Isaiah McKenzie,26.0,BUF,WR,15.0,2.0,9.0,47.0,4.0,32.0,3.6,15.0,1.7,0.0,,
176.0,Gardner Minshew II,25.0,PHI,QB,4.0,2.0,9.0,21.0,2.0,19.0,2.1,2.0,0.2,0.0,,
177.0,Jalen Richard,28.0,LVR,RB,10.0,0.0,9.0,40.0,3.0,23.0,2.6,17.0,1.9,0.0,,
178.0,Cooper Rush,28.0,DAL,QB,5.0,1.0,9.0,-8.0,0.0,-8.0,-0.9,0.0,0.0,0.0,,
179.0,Trevor Siemian,30.0,NOR,QB,6.0,4.0,9.0,20.0,2.0,2.0,0.2,18.0,2.0,0.0,,
180.0,Geno Smith,31.0,SEA,QB,4.0,3.0,9.0,42.0,3.0,28.0,3.1,14.0,1.6,2.0,4.5,
181.0,Jonnu Smith,26.0,NWE,TE,16.0,11.0,9.0,40.0,2.0,16.0,1.8,24.0,2.7,0.0,,
182.0,Keith Smith,29.0,ATL,FB,17.0,8.0,9.0,31.0,3.0,19.0,2.1,12.0,1.3,0.0,,
183.0,Jonathan Ward,24.0,ARI,RB,13.0,0.0,9.0,33.0,3.0,21.0,2.3,12.0,1.3,0.0,,
184.0,Josh Johnson,35.0,2TM,QB,4.0,1.0,9.0,28.0,1.0,22.0,2.4,6.0,0.7,0.0,,
184.0,Josh Johnson,35.0,NYJ,QB,3.0,0.0,4.0,18.0,1.0,18.0,4.5,0.0,0.0,0.0,,
184.0,Josh Johnson,35.0,BAL,QB,1.0,1.0,5.0,10.0,0.0,4.0,0.8,6.0,1.2,0.0,,
185.0,Giovani Bernard,30.0,TAM,RB,12.0,0.0,8.0,58.0,3.0,37.0,4.6,21.0,2.6,0.0,,
186.0,Michael Burton,29.0,KAN,RB,16.0,0.0,8.0,26.0,8.0,11.0,1.4,15.0,1.9,0.0,,
187.0,Jake Fromm,23.0,NYG,QB,3.0,2.0,8.0,65.0,4.0,30.0,3.8,35.0,4.4,0.0,,
188.0,Mecole Hardman,23.0,KAN,WR,17.0,8.0,8.0,46.0,2.0,39.0,4.9,7.0,0.9,0.0,,
189.0,Chad Henne,36.0,KAN,QB,4.0,0.0,8.0,0.0,0.0,0.0,0.0,0.0,0.0,0.0,,
190.0,Kyle Juszczyk,30.0,SFO,FB,17.0,16.0,8.0,22.0,3.0,14.0,1.8,8.0,1.0,0.0,,PB
191.0,D.J. Moore,24.0,CAR,WR,17.0,17.0,8.0,48.0,4.0,28.0,3.5,20.0,2.5,1.0,8.0,
192.0,La'Mical Perine,23.0,NYJ,RB,4.0,0.0,8.0,31.0,1.0,23.0,2.9,8.0,1.0,0.0,,
193.0,Robert Woods,29.0,LAR,WR,9.0,9.0,8.0,46.0,1.0,31.0,3.9,15.0,1.9,0.0,,
194.0,Jamal Agnew,26.0,JAX,WR,10.0,2.0,7.0,111.0,3.0,103.0,14.7,8.0,1.1,0.0,,
195.0,Brandon Allen,29.0,CIN,QB,6.0,1.0,7.0,-1.0,1.0,-3.0,-0.4,2.0,0.3,0.0,,
196.0,Braxton Berrios,26.0,NYJ,WR,16.0,1.0,7.0,40.0,3.0,28.0,4.0,12.0,1.7,0.0,,AP-1
197.0,Ja'Marr Chase,21.0,CIN,WR,17.0,17.0,7.0,21.0,2.0,15.0,2.1,6.0,0.9,3.0,2.3,"PB,AP-2,AP ORoY-1"
198.0,Devin Duvernay,24.0,BAL,WR,16.0,7.0,7.0,50.0,4.0,38.0,5.4,12.0,1.7,0.0,,"PB,AP-1"
199.0,Demetric Felton,23.0,CLE,WR,16.0,2.0,7.0,24.0,0.0,14.0,2.0,10.0,1.4,0.0,,
200.0,Mike Glennon,32.0,NYG,QB,6.0,4.0,7.0,33.0,2.0,33.0,4.7,0.0,0.0,0.0,,
201.0,Jalen Guyton,24.0,LAC,WR,16.0,2.0,7.0,34.0,2.0,14.0,2.0,20.0,2.9,1.0,7.0,
202.0,C.J. Ham,28.0,MIN,FB,17.0,8.0,7.0,34.0,3.0,23.0,3.3,11.0,1.6,0.0,,
203.0,Amon-Ra St. Brown,22.0,DET,WR,17.0,9.0,7.0,61.0,2.0,27.0,3.9,34.0,4.9,2.0,3.5,
204.0,P.J. Walker,26.0,CAR,QB,5.0,1.0,7.0,13.0,2.0,13.0,1.9,0.0,0.0,0.0,,
205.0,Justin Jefferson,22.0,MIN,WR,17.0,17.0,6.0,14.0,1.0,5.0,0.8,9.0,1.5,0.0,,"PB,AP-2"
206.0,Jarvis Landry,29.0,CLE,WR,12.0,12.0,6.0,40.0,4.0,29.0,4.8,11.0,1.8,1.0,6.0,
207.0,Darnell Mooney,24.0,CHI,WR,17.0,14.0,6.0,32.0,2.0,29.0,4.8,3.0,0.5,1.0,6.0,
208.0,Scottie Phillips,24.0,HOU,RB,3.0,0.0,6.0,13.0,1.0,9.0,1.5,4.0,0.7,0.0,,
209.0,Anthony Schwartz,21.0,CLE,WR,14.0,2.0,6.0,39.0,4.0,36.0,6.0,3.0,0.5,0.0,,
210.0,Logan Woodside,26.0,TEN,QB,5.0,0.0,6.0,-6.0,0.0,-6.0,-1.0,0.0,0.0,0.0,,
211.0,Brandon Aiyuk,23.0,SFO,WR,17.0,16.0,5.0,17.0,0.0,9.0,1.8,8.0,1.6,0.0,,
212.0,Cam Akers,22.0,LAR,RB,1.0,0.0,5.0,3.0,0.0,-2.0,-0.4,5.0,1.0,0.0,,
213.0,Alex Armah,27.0,NOR,FB,9.0,2.0,5.0,21.0,4.0,9.0,1.8,12.0,2.4,0.0,,
214.0,Jakeem Grant,29.0,CHI,WR,11.0,0.0,5.0,33.0,2.0,19.0,3.8,14.0,2.8,2.0,2.5,"PB,AP-2"
215.0,Deonte Harty,24.0,NOR,WR,13.0,1.0,5.0,41.0,1.0,35.0,7.0,6.0,1.2,0.0,,
216.0,Buddy Howell,25.0,LAR,RB,10.0,0.0,5.0,11.0,0.0,9.0,1.8,2.0,0.4,0.0,,
217.0,Diontae Johnson,25.0,PIT,WR,16.0,14.0,5.0,53.0,2.0,35.0,7.0,18.0,3.6,0.0,,PB
218.0,Elijah Moore,21.0,NYJ,WR,11.0,6.0,5.0,54.0,3.0,44.0,8.8,10.0,2.0,1.0,5.0,
219.0,Michael Pittman Jr.,24.0,IND,WR,17.0,17.0,5.0,44.0,1.0,39.0,7.8,5.0,1.0,0.0,,
220.0,Mason Rudolph,26.0,PIT,QB,2.0,1.0,5.0,53.0,3.0,25.0,5.0,28.0,5.6,0.0,,
221.0,Jaylen Samuels,25.0,HOU,RB,3.0,0.0,5.0,9.0,0.0,1.0,0.2,8.0,1.6,0.0,,
222.0,Wendell Smallwood,27.0,WAS,RB,3.0,0.0,5.0,25.0,2.0,17.0,3.4,8.0,1.6,0.0,,
223.0,Freddie Swain,23.0,SEA,WR,17.0,8.0,5.0,32.0,2.0,26.0,5.2,6.0,1.2,0.0,,
224.0,Mike White,26.0,NYJ,QB,4.0,3.0,5.0,-1.0,2.0,-3.0,-0.6,2.0,0.4,0.0,,
225.0,Mekhi Sargent,24.0,3TM,RB,7.0,0.0,5.0,11.0,1.0,6.0,1.2,5.0,1.0,0.0,,
225.0,Mekhi Sargent,24.0,TEN,RB,3.0,0.0,2.0,4.0,1.0,3.0,1.5,1.0,0.5,0.0,,
225.0,Mekhi Sargent,24.0,LAR,RB,3.0,0.0,2.0,5.0,0.0,3.0,1.5,2.0,1.0,0.0,,
225.0,Mekhi Sargent,24.0,JAX,RB,1.0,0.0,1.0,2.0,0.0,0.0,0.0,2.0,2.0,0.0,,
226.0,Kenjon Barner,32.0,TAM,RB,3.0,0.0,4.0,0.0,0.0,0.0,0.0,0.0,0.0,0.0,,
227.0,Blake Bell,30.0,KAN,TE,16.0,5.0,4.0,10.0,4.0,7.0,1.8,3.0,0.8,0.0,,
228.0,Mike Boone,26.0,DEN,RB,8.0,0.0,4.0,35.0,2.0,27.0,6.8,8.0,2.0,0.0,,
229.0,D'Wayne Eskridge,24.0,SEA,WR,10.0,0.0,4.0,59.0,2.0,42.0,10.5,17.0,4.3,1.0,4.0,
230.0,Nick Foles,32.0,CHI,QB,1.0,1.0,4.0,8.0,1.0,8.0,2.0,0.0,0.0,0.0,,
231.0,Chris Godwin,25.0,TAM,WR,14.0,14.0,4.0,21.0,4.0,13.0,3.3,8.0,2.0,0.0,,
232.0,JaQuan Hardy,24.0,DAL,RB,3.0,0.0,4.0,29.0,1.0,15.0,3.8,14.0,3.5,0.0,,
233.0,Cooper Kupp,28.0,LAR,WR,17.0,17.0,4.0,18.0,1.0,13.0,3.3,5.0,1.3,0.0,,"PB,AP-1,AP MVP-3,AP OPoY-1"
234.0,Kalif Raymond,27.0,DET,WR,16.0,14.0,4.0,28.0,2.0,21.0,5.3,7.0,1.8,0.0,,
235.0,Curtis Samuel,25.0,WAS,WR,5.0,1.0,4.0,11.0,0.0,7.0,1.8,4.0,1.0,0.0,,
236.0,Dwayne Washington,27.0,NOR,RB,14.0,0.0,4.0,16.0,0.0,5.0,1.3,11.0,2.8,0.0,,
237.0,Albert Wilson,29.0,MIA,WR,14.0,5.0,4.0,17.0,1.0,-3.0,-0.8,20.0,5.0,2.0,2.0,
238.0,Nelson Agholor,28.0,NWE,WR,15.0,13.0,3.0,11.0,0.0,6.0,2.0,5.0,1.7,2.0,1.5,
239.0,Tavon Austin,31.0,JAX,WR,13.0,3.0,3.0,21.0,1.0,20.0,6.7,1.0,0.3,0.0,,
240.0,Khari Blasingame,25.0,TEN,RB,11.0,3.0,3.0,6.0,1.0,0.0,0.0,6.0,2.0,0.0,,
241.0,Ian Book,23.0,NOR,QB,1.0,1.0,3.0,6.0,1.0,4.0,1.3,2.0,0.7,0.0,,
242.0,Jason Cabinda,25.0,DET,LB,14.0,4.0,3.0,23.0,2.0,12.0,4.0,11.0,3.7,0.0,,
243.0,Robbie Chosen,28.0,CAR,WR,17.0,16.0,3.0,36.0,1.0,2.0,0.7,34.0,11.3,0.0,,
244.0,Damarea Crockett,24.0,DEN,RB,12.0,0.0,3.0,7.0,0.0,7.0,2.3,0.0,0.0,0.0,,
245.0,Ashton Dulin,24.0,IND,WR,17.0,1.0,3.0,32.0,1.0,27.0,9.0,5.0,1.7,1.0,3.0,AP-2
246.0,Sam Ehlinger,23.0,IND,QB,3.0,0.0,3.0,9.0,1.0,7.0,2.3,2.0,0.7,0.0,,
247.0,Gerald Everett,27.0,SEA,TE,15.0,12.0,3.0,20.0,2.0,15.0,5.0,5.0,1.7,0.0,,
248.0,Feleipe Franks,24.0,ATL,QB,9.0,0.0,3.0,6.0,0.0,2.0,0.7,4.0,1.3,0.0,,
249.0,Reggie Gilliam,24.0,BUF,FB,16.0,5.0,3.0,3.0,0.0,0.0,0.0,3.0,1.0,0.0,,
250.0,George Kittle,28.0,SFO,TE,14.0,14.0,3.0,20.0,0.0,11.0,3.7,9.0,3.0,0.0,,PB
251.0,Allen Lazard,26.0,GNB,WR,15.0,13.0,3.0,32.0,2.0,29.0,9.7,3.0,1.0,0.0,,
252.0,Anthony McFarland Jr.,23.0,PIT,RB,2.0,0.0,3.0,3.0,0.0,2.0,0.7,1.0,0.3,0.0,,
253.0,Gabe Nabers,24.0,LAC,FB,10.0,1.0,3.0,8.0,1.0,5.0,1.7,3.0,1.0,0.0,,
254.0,Adam Prentice,24.0,NOR,FB,7.0,3.0,3.0,5.0,2.0,3.0,1.0,2.0,0.7,0.0,,
255.0,Hunter Renfrow,26.0,LVR,WR,17.0,9.0,3.0,3.0,0.0,1.0,0.3,2.0,0.7,0.0,,PB
256.0,Andre Roberts,33.0,LAC,WR,10.0,0.0,3.0,19.0,0.0,16.0,5.3,3.0,1.0,0.0,,AP-2
257.0,Henry Ruggs III,22.0,LVR,WR,7.0,7.0,3.0,16.0,0.0,15.0,5.0,1.0,0.3,0.0,,
258.0,JuJu Smith-Schuster,25.0,PIT,WR,5.0,5.0,3.0,9.0,1.0,5.0,1.7,4.0,1.3,1.0,3.0,
259.0,Equanimeous St. Brown,25.0,GNB,WR,13.0,2.0,3.0,14.0,2.0,1.0,0.3,13.0,4.3,0.0,,
260.0,Johnny Stanton,27.0,CLE,RB,4.0,0.0,3.0,5.0,2.0,2.0,0.7,3.0,1.0,0.0,,
261.0,Chris Streveler,26.0,ARI,QB,2.0,0.0,3.0,6.0,0.0,1.0,0.3,5.0,1.7,0.0,,
262.0,Kadarius Toney,22.0,NYG,WR,10.0,4.0,3.0,6.0,0.0,5.0,1.7,1.0,0.3,0.0,,
263.0,Tommy Tremble,21.0,CAR,TE,16.0,11.0,3.0,11.0,1.0,9.0,3.0,2.0,0.7,0.0,,
264.0,Trenton Cannon,27.0,2TM,RB,12.0,0.0,3.0,4.0,0.0,2.0,0.7,2.0,0.7,0.0,,
264.0,Trenton Cannon,27.0,BAL,RB,1.0,0.0,2.0,5.0,0.0,3.0,1.5,2.0,1.0,0.0,,
264.0,Trenton Cannon,27.0,SFO,RB,11.0,0.0,1.0,-1.0,0.0,-1.0,-1.0,0.0,0.0,0.0,,
265.0,Kyle Allen,25.0,WAS,QB,2.0,0.0,2.0,11.0,1.0,11.0,5.5,0.0,0.0,0.0,,
266.0,Cameron Batson,26.0,TEN,WR,4.0,0.0,2.0,15.0,1.0,11.0,5.5,4.0,2.0,0.0,,
267.0,Odell Beckham Jr.,29.0,CLE,WR,6.0,6.0,2.0,14.0,1.0,12.0,6.0,2.0,1.0,0.0,,
268.0,Kurt Benkert,26.0,GNB,QB,1.0,0.0,2.0,-1.0,0.0,-1.0,-0.5,0.0,0.0,0.0,,
269.0,Tyler Boyd,27.0,CIN,WR,16.0,10.0,2.0,22.0,1.0,9.0,4.5,13.0,6.5,1.0,2.0,
270.0,Tim Boyle,27.0,DET,QB,5.0,3.0,2.0,13.0,1.0,12.0,6.0,1.0,0.5,0.0,,
271.0,A.J. Brown,24.0,TEN,WR,13.0,13.0,2.0,10.0,1.0,6.0,3.0,4.0,2.0,0.0,,
272.0,Brandin Cooks,28.0,HOU,WR,16.0,16.0,2.0,21.0,1.0,15.0,7.5,6.0,3.0,0.0,,
273.0,Chase Daniel,35.0,LAC,QB,1.0,0.0,2.0,-2.0,0.0,-2.0,-1.0,0.0,0.0,0.0,,
274.0,Darrynton Evans,23.0,TEN,RB,1.0,0.0,2.0,7.0,0.0,2.0,1.0,5.0,2.5,0.0,,
275.0,Joe Flacco,36.0,NYJ,QB,2.0,1.0,2.0,3.0,1.0,1.0,0.5,2.0,1.0,0.0,,
276.0,Jake Funk,23.0,LAR,RB,10.0,0.0,2.0,5.0,0.0,2.0,1.0,3.0,1.5,0.0,,
277.0,Marquise Goodwin,31.0,CHI,WR,14.0,2.0,2.0,-1.0,0.0,-2.0,-1.0,1.0,0.5,0.0,,
278.0,Alec Ingold,25.0,LVR,FB,9.0,3.0,2.0,1.0,1.0,1.0,0.5,0.0,0.0,0.0,,
279.0,Andy Janovich,28.0,CLE,RB,13.0,3.0,2.0,0.0,1.0,-1.0,-0.5,1.0,0.5,0.0,,
280.0,Van Jefferson,25.0,LAR,WR,17.0,17.0,2.0,20.0,1.0,7.0,3.5,13.0,6.5,0.0,,
281.0,Jerry Jeudy,22.0,DEN,WR,10.0,5.0,2.0,3.0,0.0,0.0,0.0,3.0,1.5,0.0,,
282.0,Marcus Johnson,27.0,TEN,WR,7.0,3.0,2.0,-2.0,1.0,-6.0,-3.0,4.0,2.0,0.0,,
283.0,Zay Jones,26.0,LVR,WR,17.0,9.0,2.0,3.0,0.0,3.0,1.5,0.0,0.0,0.0,,
284.0,Travis Kelce,32.0,KAN,TE,16.0,16.0,2.0,3.0,1.0,3.0,1.5,0.0,0.0,0.0,,"PB,AP-2"
285.0,John Kelly,25.0,CLE,RB,4.0,0.0,2.0,13.0,1.0,7.0,3.5,6.0,3.0,0.0,,
286.0,Dallin Leavitt,27.0,LVR,DB,16.0,1.0,2.0,6.0,2.0,5.0,2.5,1.0,0.5,0.0,,
287.0,Tyler Lockett,29.0,SEA,WR,16.0,16.0,2.0,9.0,0.0,9.0,4.5,0.0,0.0,0.0,,
288.0,Sean Mannion,29.0,MIN,QB,1.0,1.0,2.0,14.0,2.0,11.0,5.5,3.0,1.5,0.0,,
289.0,Ray-Ray McCloud,25.0,PIT,WR,16.0,5.0,2.0,15.0,0.0,10.0,5.0,5.0,2.5,1.0,2.0,
290.0,Scott Miller,24.0,TAM,WR,9.0,0.0,2.0,43.0,2.0,43.0,21.5,0.0,0.0,0.0,,
291.0,Raheem Mostert,29.0,SFO,RB,1.0,1.0,2.0,20.0,1.0,18.0,9.0,2.0,1.0,0.0,,
292.0,Zach Pascal,27.0,IND,WR,16.0,13.0,2.0,21.0,0.0,16.0,8.0,5.0,2.5,0.0,,
293.0,Jacques Patrick,24.0,SFO,RB,2.0,0.0,2.0,12.0,1.0,8.0,4.0,4.0,2.0,0.0,,
294.0,Nathan Peterman,27.0,LVR,QB,1.0,0.0,2.0,2.0,1.0,2.0,1.0,0.0,0.0,0.0,,
295.0,Patrick Ricard,27.0,BAL,FB,13.0,11.0,2.0,4.0,2.0,1.0,0.5,3.0,1.5,0.0,,PB
296.0,Emmanuel Sanders,34.0,BUF,WR,14.0,13.0,2.0,31.0,2.0,27.0,13.5,4.0,2.0,0.0,,
297.0,Durham Smythe,26.0,MIA,TE,17.0,12.0,2.0,3.0,2.0,3.0,1.5,0.0,0.0,0.0,,
298.0,Jaylen Waddle,23.0,MIA,WR,16.0,16.0,2.0,3.0,1.0,2.0,1.0,1.0,0.5,0.0,,
299.0,James Washington,25.0,PIT,WR,15.0,2.0,2.0,13.0,0.0,10.0,5.0,3.0,1.5,0.0,,
300.0,Davis Webb,26.0,BUF,QB,1.0,0.0,2.0,-3.0,0.0,-3.0,-1.5,0.0,0.0,0.0,,
301.0,Cedrick Wilson Jr.,26.0,DAL,WR,16.0,4.0,2.0,11.0,1.0,10.0,5.0,1.0,0.5,0.0,,
302.0,John Wolford,26.0,LAR,QB,3.0,0.0,2.0,-1.0,0.0,-1.0,-0.5,0.0,0.0,0.0,,
303.0,Jordan Akins,29.0,HOU,TE,13.0,3.0,1.0,3.0,1.0,0.0,0.0,3.0,3.0,0.0,,
304.0,Mark Andrews,26.0,BAL,TE,17.0,9.0,1.0,0.0,0.0,0.0,0.0,0.0,0.0,0.0,,"PB,AP-1"
305.0,Alex Bachman,25.0,NYG,WR,3.0,0.0,1.0,-3.0,0.0,-3.0,-3.0,0.0,0.0,0.0,,
306.0,C.J. Beathard,28.0,JAX,QB,2.0,0.0,1.0,2.0,0.0,2.0,2.0,0.0,0.0,0.0,,
307.0,David Blough,26.0,DET,QB,1.0,0.0,1.0,6.0,0.0,2.0,2.0,4.0,4.0,0.0,,
308.0,C.J. Board,28.0,NYG,WR,6.0,1.0,1.0,6.0,0.0,4.0,4.0,2.0,2.0,0.0,,
309.0,Reggie Bonnafon,25.0,CAR,RB,4.0,0.0,1.0,4.0,0.0,4.0,4.0,0.0,0.0,0.0,,
310.0,Gary Brightwell,22.0,NYG,RB,13.0,0.0,1.0,4.0,0.0,3.0,3.0,1.0,1.0,0.0,,
311.0,Antonio Brown,33.0,TAM,WR,7.0,3.0,1.0,6.0,0.0,5.0,5.0,1.0,1.0,0.0,,
312.0,Dyami Brown,22.0,WAS,WR,15.0,6.0,1.0,-4.0,0.0,-4.0,-4.0,0.0,0.0,0.0,,
313.0,Marquise Brown,24.0,BAL,WR,16.0,16.0,1.0,5.0,1.0,2.0,2.0,3.0,3.0,0.0,,
314.0,Sean Chandler,25.0,CAR,SS,15.0,7.0,1.0,14.0,1.0,14.0,14.0,0.0,0.0,0.0,,
315.0,Randall Cobb,31.0,GNB,WR,12.0,3.0,1.0,1.0,0.0,0.0,0.0,1.0,1.0,1.0,1.0,
316.0,Chris Conley,29.0,HOU,WR,16.0,10.0,1.0,3.0,1.0,0.0,0.0,3.0,3.0,0.0,,
317.0,Pharoh Cooper,26.0,NYG,WR,8.0,0.0,1.0,3.0,0.0,3.0,3.0,0.0,0.0,0.0,,
318.0,Nathan Cottrell,25.0,JAX,RB,4.0,0.0,1.0,3.0,0.0,0.0,0.0,3.0,3.0,1.0,1.0,
319.0,Jaelon Darden,22.0,TAM,WR,9.0,0.0,1.0,11.0,1.0,10.0,10.0,1.0,1.0,0.0,,
320.0,Phillip Dorsett,28.0,HOU,WR,3.0,0.0,1.0,0.0,0.0,0.0,0.0,0.0,0.0,0.0,,
321.0,Greg Dortch,23.0,ARI,WR,5.0,2.0,1.0,24.0,1.0,23.0,23.0,1.0,1.0,0.0,,
322.0,Eric Ebron,28.0,PIT,TE,8.0,3.0,1.0,1.0,1.0,1.0,1.0,0.0,0.0,0.0,,
323.0,Bryan Edwards,23.0,LVR,WR,16.0,12.0,1.0,0.0,0.0,0.0,0.0,0.0,0.0,0.0,,
324.0,Evan Engram,27.0,NYG,TE,15.0,12.0,1.0,-3.0,0.0,-3.0,-3.0,0.0,0.0,0.0,,
325.0,Zach Ertz,31.0,ARI,TE,11.0,11.0,1.0,4.0,0.0,4.0,4.0,0.0,0.0,0.0,,
326.0,Mike Evans,28.0,TAM,WR,16.0,16.0,1.0,10.0,1.0,8.0,8.0,2.0,2.0,0.0,,PB
327.0,Clayton Fejedelem,28.0,MIA,DB,17.0,0.0,1.0,0.0,0.0,0.0,0.0,0.0,0.0,0.0,,
328.0,Maurice Ffrench,23.0,LAC,WR,3.0,0.0,1.0,3.0,0.0,3.0,3.0,0.0,0.0,0.0,,
329.0,Ryan Fitzpatrick,39.0,WAS,QB,1.0,1.0,1.0,2.0,0.0,2.0,2.0,0.0,0.0,0.0,,
330.0,Jamie Gillan,24.0,CLE,P,12.0,0.0,1.0,0.0,0.0,0.0,0.0,0.0,0.0,0.0,,
331.0,Cyril Grayson,28.0,TAM,WR,5.0,3.0,1.0,14.0,1.0,14.0,14.0,0.0,0.0,0.0,,
332.0,Johnny Hekker,31.0,LAR,P,17.0,0.0,1.0,0.0,0.0,0.0,0.0,0.0,0.0,0.0,,
333.0,DeSean Jackson,35.0,LVR,WR,9.0,4.0,1.0,4.0,0.0,4.0,4.0,0.0,0.0,0.0,,
334.0,Christian Kirk,25.0,ARI,WR,17.0,11.0,1.0,11.0,1.0,9.0,9.0,2.0,2.0,0.0,,
335.0,Cole Kmet,22.0,CHI,TE,17.0,17.0,1.0,0.0,0.0,0.0,0.0,0.0,0.0,0.0,,
336.0,Patrick Laird,26.0,MIA,RB,6.0,0.0,1.0,4.0,0.0,2.0,2.0,2.0,2.0,0.0,,
337.0,Andy Lee,39.0,ARI,P,16.0,0.0,1.0,0.0,0.0,0.0,0.0,0.0,0.0,0.0,,
338.0,Braden Mann,24.0,NYJ,P,10.0,0.0,1.0,4.0,0.0,2.0,2.0,2.0,2.0,0.0,,
339.0,Nate McCrary,22.0,BAL,RB,1.0,0.0,1.0,-1.0,0.0,-1.0,-1.0,0.0,0.0,0.0,,
340.0,Terry McLaurin,26.0,WAS,WR,17.0,17.0,1.0,12.0,1.0,7.0,7.0,5.0,5.0,0.0,,
341.0,D.K. Metcalf,24.0,SEA,WR,17.0,17.0,1.0,6.0,0.0,4.0,4.0,2.0,2.0,0.0,,
342.0,Jakobi Meyers,25.0,NWE,WR,17.0,16.0,1.0,9.0,0.0,8.0,8.0,1.0,1.0,0.0,,
343.0,Dax Milne,22.0,WAS,WR,13.0,1.0,1.0,1.0,0.0,1.0,1.0,0.0,0.0,0.0,,
344.0,C.J. Moore,26.0,DET,DB,17.0,1.0,1.0,28.0,1.0,28.0,28.0,0.0,0.0,0.0,,
345.0,Stanley Morgan Jr.,25.0,CIN,WR,17.0,1.0,1.0,3.0,0.0,3.0,3.0,0.0,0.0,0.0,,
346.0,Ryan Nall,26.0,CHI,RB,9.0,0.0,1.0,4.0,0.0,0.0,0.0,4.0,4.0,0.0,,
347.0,David Njoku,25.0,CLE,TE,16.0,11.0,1.0,1.0,0.0,0.0,0.0,1.0,1.0,0.0,,
348.0,Gunner Olszewski,25.0,NWE,WR,16.0,0.0,1.0,9.0,0.0,6.0,6.0,3.0,3.0,0.0,,
349.0,K.J. Osborn,24.0,MIN,WR,17.0,9.0,1.0,10.0,1.0,8.0,8.0,2.0,2.0,0.0,,
350.0,Devine Ozigbo,25.0,NOR,RB,2.0,0.0,1.0,-3.0,0.0,-3.0,-3.0,0.0,0.0,0.0,,
351.0,Michael Palardy,29.0,MIA,P,17.0,0.0,1.0,1.0,0.0,1.0,1.0,0.0,0.0,0.0,,
352.0,Josh Palmer,22.0,LAC,WR,17.0,5.0,1.0,6.0,0.0,6.0,6.0,0.0,0.0,0.0,,
353.0,Breshad Perriman,28.0,TAM,WR,6.0,0.0,1.0,-3.0,0.0,-3.0,-3.0,0.0,0.0,0.0,,
354.0,Trey Ragas,25.0,LVR,RB,1.0,0.0,1.0,9.0,1.0,7.0,7.0,2.0,2.0,0.0,,
355.0,Amari Rodgers,22.0,GNB,WR,16.0,1.0,1.0,11.0,1.0,6.0,6.0,5.0,5.0,0.0,,
356.0,Chester Rogers,27.0,TEN,WR,16.0,2.0,1.0,9.0,0.0,5.0,5.0,4.0,4.0,0.0,,
357.0,John Ross,26.0,NYG,WR,10.0,1.0,1.0,16.0,1.0,13.0,13.0,3.0,3.0,0.0,,
358.0,Sterling Shepard,28.0,NYG,WR,7.0,6.0,1.0,-9.0,0.0,-9.0,-9.0,0.0,0.0,1.0,1.0,
359.0,Cam Sims,25.0,WAS,WR,14.0,3.0,1.0,7.0,0.0,5.0,5.0,2.0,2.0,0.0,,
360.0,Darius Slayton,24.0,NYG,WR,13.0,5.0,1.0,-13.0,0.0,-13.0,-13.0,0.0,0.0,0.0,,
361.0,Ito Smith,26.0,DAL,RB,1.0,0.0,1.0,4.0,1.0,4.0,4.0,0.0,0.0,0.0,,
362.0,Jeff Smith,24.0,NYJ,WR,12.0,3.0,1.0,-1.0,0.0,-1.0,-1.0,0.0,0.0,0.0,,
363.0,Shi Smith,23.0,CAR,WR,6.0,0.0,1.0,-3.0,0.0,-3.0,-3.0,0.0,0.0,0.0,,
364.0,Tremon Smith,25.0,HOU,DB,17.0,2.0,1.0,7.0,0.0,5.0,5.0,2.0,2.0,0.0,,
365.0,Kenny Stills,29.0,NOR,WR,13.0,4.0,1.0,1.0,0.0,1.0,1.0,0.0,0.0,0.0,,
366.0,Adam Thielen,31.0,MIN,WR,13.0,13.0,1.0,2.0,0.0,0.0,0.0,2.0,2.0,0.0,,
367.0,Quez Watkins,23.0,PHI,WR,17.0,12.0,1.0,3.0,0.0,3.0,3.0,0.0,0.0,0.0,,
368.0,Derek Watt,29.0,PIT,FB,17.0,4.0,1.0,1.0,1.0,0.0,0.0,1.0,1.0,0.0,,
369.0,Preston Williams,24.0,MIA,WR,8.0,3.0,1.0,7.0,0.0,3.0,3.0,4.0,4.0,1.0,1.0,
370.0,Andrew Wingard,25.0,JAX,SS,15.0,15.0,1.0,4.0,1.0,3.0,3.0,1.0,1.0,0.0,,
371.0,Olamide Zaccheaus,24.0,ATL,WR,17.0,8.0,1.0,2.0,1.0,0.0,0.0,2.0,2.0,0.0,,
372.0,Dawson Knox,25.0,BUF,TE,15.0,14.0,0.0,4.0,0.0,4.0,,0.0,,0.0,,
,League Average,,,,,,,,,,2.5,,1.8,,15.7,
